{
  "best_epoch": 0,
  "peak_worker_0_memory_MB": 319.875,
  "training_duration": "0:00:27.435518",
  "training_start_epoch": 0,
  "training_epochs": 2,
  "epoch": 2,
  "training_loss": 0.05984213513070382,
  "training_worker_0_memory_MB": 319.875,
  "validation_loss": 0.28813349387648857,
  "best_validation_loss": 0.18185258633457124
}