{
  "best_epoch": 0,
  "peak_worker_0_memory_MB": 319.875,
  "training_duration": "0:00:37.790971",
  "training_start_epoch": 0,
  "training_epochs": 3,
  "epoch": 3,
  "training_loss": 0.05277721171147149,
  "training_worker_0_memory_MB": 319.875,
  "validation_loss": 0.3096565721173221,
  "best_validation_loss": 0.18185258633457124
}