{
  "best_epoch": 0,
  "peak_worker_0_memory_MB": 319.875,
  "training_duration": "0:00:48.490838",
  "training_start_epoch": 0,
  "training_epochs": 4,
  "epoch": 4,
  "training_loss": 0.041427845847695176,
  "training_worker_0_memory_MB": 319.875,
  "validation_loss": 0.3431036868221737,
  "best_validation_loss": 0.18185258633457124
}