{
  "best_epoch": 0,
  "peak_worker_0_memory_MB": 290.76953125,
  "training_duration": "0:00:07.940646",
  "training_start_epoch": 0,
  "training_epochs": 0,
  "epoch": 0,
  "training_loss": 0.1824571487428354,
  "training_worker_0_memory_MB": 290.76953125,
  "validation_loss": 0.18185258633457124,
  "best_validation_loss": 0.18185258633457124
}