{
  "best_epoch": 0,
  "peak_worker_0_memory_MB": 319.875,
  "training_duration": "0:00:17.245326",
  "training_start_epoch": 0,
  "training_epochs": 1,
  "epoch": 1,
  "training_loss": 0.07992098847582861,
  "training_worker_0_memory_MB": 319.875,
  "validation_loss": 0.2243415790505389,
  "best_validation_loss": 0.18185258633457124
}