{
    "0": {
        "precision": 0.9752212389380531,
        "recall": 0.9717813051146384,
        "f1-score": 0.9734982332155476,
        "support": 567
    },
    "1": {
        "precision": 0.058823529411764705,
        "recall": 0.06666666666666667,
        "f1-score": 0.0625,
        "support": 15
    },
    "accuracy": 0.9484536082474226,
    "macro avg": {
        "precision": 0.5170223841749089,
        "recall": 0.5192239858906526,
        "f1-score": 0.5179991166077738,
        "support": 582
    },
    "weighted avg": {
        "precision": 0.9516027412698498,
        "recall": 0.9484536082474226,
        "f1-score": 0.9500188973079304,
        "support": 582
    }
}