{
  "best_epoch": 1,
  "peak_worker_0_memory_MB": 283.640625,
  "training_duration": "0:00:06.435881",
  "training_start_epoch": 0,
  "training_epochs": 1,
  "epoch": 1,
  "training_loss": 0.5337584452063311,
  "training_worker_0_memory_MB": 283.640625,
  "validation_loss": 0.6424870638153221,
  "best_validation_loss": 0.6424870638153221
}