{
  "best_epoch": 1,
  "peak_worker_0_memory_MB": 283.81640625,
  "training_duration": "0:00:09.501959",
  "training_start_epoch": 0,
  "training_epochs": 2,
  "epoch": 2,
  "training_loss": 0.4586398861865746,
  "training_worker_0_memory_MB": 283.81640625,
  "validation_loss": 0.7668791141691087,
  "best_validation_loss": 0.6424870638153221
}