{
  "best_epoch": 0,
  "peak_worker_0_memory_MB": 258.64453125,
  "training_duration": "0:00:03.347491",
  "training_start_epoch": 0,
  "training_epochs": 0,
  "epoch": 0,
  "training_loss": 0.6653229553485289,
  "training_worker_0_memory_MB": 258.64453125,
  "validation_loss": 0.6564244635497467,
  "best_validation_loss": 0.6564244635497467
}