{
    "0": {
        "precision": 0.540650406504065,
        "recall": 0.6363636363636364,
        "f1-score": 0.5846153846153846,
        "support": 209
    },
    "1": {
        "precision": 0.7738095238095238,
        "recall": 0.6970509383378016,
        "f1-score": 0.7334273624823696,
        "support": 373
    },
    "accuracy": 0.6752577319587629,
    "macro avg": {
        "precision": 0.6572299651567944,
        "recall": 0.6667072873507189,
        "f1-score": 0.6590213735488771,
        "support": 582
    },
    "weighted avg": {
        "precision": 0.6900805624403814,
        "recall": 0.6752577319587629,
        "f1-score": 0.6799880096057375,
        "support": 582
    }
}