{
  "best_epoch": 0,
  "peak_worker_0_memory_MB": 292.36328125,
  "training_duration": "0:00:07.882444",
  "training_start_epoch": 0,
  "training_epochs": 1,
  "epoch": 1,
  "training_loss": 0.0863593001776146,
  "training_worker_0_memory_MB": 292.36328125,
  "validation_loss": 0.15394078196273953,
  "best_validation_loss": 0.14736915230043704
}