{
  "best_epoch": 0,
  "peak_worker_0_memory_MB": 293.1015625,
  "training_duration": "0:00:20.738709",
  "training_start_epoch": 0,
  "training_epochs": 4,
  "epoch": 4,
  "training_loss": 0.051232557242682275,
  "training_worker_0_memory_MB": 293.1015625,
  "validation_loss": 0.19850086579629797,
  "best_validation_loss": 0.14736915230043704
}