{
  "best_epoch": 0,
  "peak_worker_0_memory_MB": 263.8984375,
  "training_duration": "0:00:04.011837",
  "training_start_epoch": 0,
  "training_epochs": 0,
  "epoch": 0,
  "training_loss": 0.1373253349170799,
  "training_worker_0_memory_MB": 263.8984375,
  "validation_loss": 0.14736915230043704,
  "best_validation_loss": 0.14736915230043704
}