{
  "best_epoch": 0,
  "peak_worker_0_memory_MB": 292.484375,
  "training_duration": "0:00:16.711717",
  "training_start_epoch": 0,
  "training_epochs": 3,
  "epoch": 3,
  "training_loss": 0.05607433689186754,
  "training_worker_0_memory_MB": 292.484375,
  "validation_loss": 0.15643781676440488,
  "best_validation_loss": 0.14736915230043704
}