{
  "best_epoch": 0,
  "peak_worker_0_memory_MB": 292.484375,
  "training_duration": "0:00:11.721743",
  "training_start_epoch": 0,
  "training_epochs": 2,
  "epoch": 2,
  "training_loss": 0.06827716859534419,
  "training_worker_0_memory_MB": 292.484375,
  "validation_loss": 0.16907019278364657,
  "best_validation_loss": 0.14736915230043704
}