{
  "best_epoch": 0,
  "peak_worker_0_memory_MB": 263.93359375,
  "training_duration": "0:00:04.457110",
  "training_start_epoch": 0,
  "training_epochs": 0,
  "epoch": 0,
  "training_loss": 0.2799680160867388,
  "training_worker_0_memory_MB": 263.93359375,
  "validation_loss": 0.26176963293854194,
  "best_validation_loss": 0.26176963293854194
}