{
  "best_epoch": 0,
  "peak_worker_0_memory_MB": 293.34765625,
  "training_duration": "0:00:12.660849",
  "training_start_epoch": 0,
  "training_epochs": 2,
  "epoch": 2,
  "training_loss": 0.17233056584831144,
  "training_worker_0_memory_MB": 293.34765625,
  "validation_loss": 0.2706474839839377,
  "best_validation_loss": 0.26176963293854194
}