{
  "best_epoch": 0,
  "peak_worker_0_memory_MB": 293.34765625,
  "training_duration": "0:00:16.934833",
  "training_start_epoch": 0,
  "training_epochs": 3,
  "epoch": 3,
  "training_loss": 0.15276975818970776,
  "training_worker_0_memory_MB": 293.34765625,
  "validation_loss": 0.2833916239581908,
  "best_validation_loss": 0.26176963293854194
}