{
    "0": {
        "precision": 0.9484536082474226,
        "recall": 1.0,
        "f1-score": 0.9735449735449735,
        "support": 552
    },
    "1": {
        "precision": 0.0,
        "recall": 0.0,
        "f1-score": 0.0,
        "support": 30
    },
    "accuracy": 0.9484536082474226,
    "macro avg": {
        "precision": 0.4742268041237113,
        "recall": 0.5,
        "f1-score": 0.48677248677248675,
        "support": 582
    },
    "weighted avg": {
        "precision": 0.8995642469975554,
        "recall": 0.9484536082474226,
        "f1-score": 0.9233622429498719,
        "support": 582
    }
}