{
  "best_epoch": 0,
  "peak_worker_0_memory_MB": 267.09375,
  "training_duration": "0:00:20.253227",
  "training_start_epoch": 0,
  "training_epochs": 4,
  "epoch": 4,
  "training_loss": 0.49459260462737475,
  "training_worker_0_memory_MB": 267.09375,
  "validation_loss": 0.7136937145945392,
  "best_validation_loss": 0.6548185242882257
}