{
  "best_epoch": 0,
  "peak_worker_0_memory_MB": 267.09375,
  "training_duration": "0:00:16.181838",
  "training_start_epoch": 0,
  "training_epochs": 3,
  "epoch": 3,
  "training_loss": 0.5195782456730232,
  "training_worker_0_memory_MB": 267.09375,
  "validation_loss": 0.6778171134145954,
  "best_validation_loss": 0.6548185242882257
}