{
  "best_epoch": 0,
  "peak_worker_0_memory_MB": 267.078125,
  "training_duration": "0:00:11.864159",
  "training_start_epoch": 0,
  "training_epochs": 2,
  "epoch": 2,
  "training_loss": 0.5573101661000095,
  "training_worker_0_memory_MB": 267.078125,
  "validation_loss": 0.6723874811130234,
  "best_validation_loss": 0.6548185242882257
}