{
    "0": {
        "precision": 0.6296992481203008,
        "recall": 0.9228650137741047,
        "f1-score": 0.7486033519553073,
        "support": 363
    },
    "1": {
        "precision": 0.44,
        "recall": 0.1004566210045662,
        "f1-score": 0.16356877323420072,
        "support": 219
    },
    "accuracy": 0.6134020618556701,
    "macro avg": {
        "precision": 0.5348496240601504,
        "recall": 0.5116608173893354,
        "f1-score": 0.456086062594754,
        "support": 582
    },
    "weighted avg": {
        "precision": 0.5583175722812185,
        "recall": 0.6134020618556701,
        "f1-score": 0.5284614743953032,
        "support": 582
    }
}