{
  "best_epoch": 0,
  "peak_worker_0_memory_MB": 315.9765625,
  "training_duration": "0:00:14.802808",
  "training_start_epoch": 0,
  "training_epochs": 1,
  "epoch": 1,
  "training_loss": 0.21406112729127058,
  "training_worker_0_memory_MB": 315.9765625,
  "validation_loss": 0.34367803910369926,
  "best_validation_loss": 0.30047066736070416
}