{
  "best_epoch": 0,
  "peak_worker_0_memory_MB": 290.94140625,
  "training_duration": "0:00:07.185818",
  "training_start_epoch": 0,
  "training_epochs": 0,
  "epoch": 0,
  "training_loss": 0.3639992816062991,
  "training_worker_0_memory_MB": 290.94140625,
  "validation_loss": 0.30047066736070416,
  "best_validation_loss": 0.30047066736070416
}