{
    "0": {
        "precision": 0.9547101449275363,
        "recall": 0.9547101449275363,
        "f1-score": 0.9547101449275363,
        "support": 552
    },
    "1": {
        "precision": 0.16666666666666666,
        "recall": 0.16666666666666666,
        "f1-score": 0.16666666666666666,
        "support": 30
    },
    "accuracy": 0.9140893470790378,
    "macro avg": {
        "precision": 0.5606884057971014,
        "recall": 0.5606884057971014,
        "f1-score": 0.5606884057971014,
        "support": 582
    },
    "weighted avg": {
        "precision": 0.9140893470790378,
        "recall": 0.9140893470790378,
        "f1-score": 0.9140893470790378,
        "support": 582
    }
}