{
  "best_epoch": 1,
  "peak_worker_0_memory_MB": 293.328125,
  "training_duration": "0:00:08.503629",
  "training_start_epoch": 0,
  "training_epochs": 1,
  "epoch": 1,
  "training_loss": 0.09419410696861975,
  "training_worker_0_memory_MB": 293.328125,
  "validation_loss": 0.1200071876939339,
  "best_validation_loss": 0.1200071876939339
}