{
  "best_epoch": 0,
  "peak_worker_0_memory_MB": 263.7578125,
  "training_duration": "0:00:04.599560",
  "training_start_epoch": 0,
  "training_epochs": 0,
  "epoch": 0,
  "training_loss": 0.14955525803346317,
  "training_worker_0_memory_MB": 263.7578125,
  "validation_loss": 0.13541338703583314,
  "best_validation_loss": 0.13541338703583314
}