{
  "best_epoch": 1,
  "peak_worker_0_memory_MB": 293.58984375,
  "training_duration": "0:00:12.582480",
  "training_start_epoch": 0,
  "training_epochs": 2,
  "epoch": 2,
  "training_loss": 0.08358948706934556,
  "training_worker_0_memory_MB": 293.58984375,
  "validation_loss": 0.14196629353056225,
  "best_validation_loss": 0.1200071876939339
}