{
    "0": {
        "precision": 0.9828178694158075,
        "recall": 1.0,
        "f1-score": 0.9913344887348353,
        "support": 572
    },
    "1": {
        "precision": 0.0,
        "recall": 0.0,
        "f1-score": 0.0,
        "support": 10
    },
    "accuracy": 0.9828178694158075,
    "macro avg": {
        "precision": 0.49140893470790376,
        "recall": 0.5,
        "f1-score": 0.49566724436741766,
        "support": 582
    },
    "weighted avg": {
        "precision": 0.9659309644430274,
        "recall": 0.9828178694158075,
        "f1-score": 0.9743012500967798,
        "support": 582
    }
}