{
  "best_epoch": 0,
  "peak_worker_0_memory_MB": 270.734375,
  "training_duration": "0:00:04.712913",
  "training_start_epoch": 0,
  "training_epochs": 0,
  "epoch": 0,
  "training_loss": 0.6714008634463153,
  "training_worker_0_memory_MB": 270.734375,
  "validation_loss": 0.6570730360248421,
  "best_validation_loss": 0.6570730360248421
}