{
  "best_epoch": 0,
  "peak_worker_0_memory_MB": 297.3828125,
  "training_duration": "0:00:14.101957",
  "training_start_epoch": 0,
  "training_epochs": 2,
  "epoch": 2,
  "training_loss": 0.4980490363712581,
  "training_worker_0_memory_MB": 297.3828125,
  "validation_loss": 0.6773135035852843,
  "best_validation_loss": 0.6570730360248421
}