{
    "0": {
        "precision": 0.661504424778761,
        "recall": 0.8236914600550964,
        "f1-score": 0.7337423312883435,
        "support": 363
    },
    "1": {
        "precision": 0.5076923076923077,
        "recall": 0.3013698630136986,
        "f1-score": 0.3782234957020057,
        "support": 219
    },
    "accuracy": 0.627147766323024,
    "macro avg": {
        "precision": 0.5845983662355343,
        "recall": 0.5625306615343975,
        "f1-score": 0.5559829134951746,
        "support": 582
    },
    "weighted avg": {
        "precision": 0.6036266693802503,
        "recall": 0.627147766323024,
        "f1-score": 0.599964625114103,
        "support": 582
    }
}