{
  "best_epoch": 0,
  "peak_worker_0_memory_MB": 296.22265625,
  "training_duration": "0:00:07.554546",
  "training_start_epoch": 0,
  "training_epochs": 0,
  "epoch": 0,
  "training_loss": 0.23849276654401866,
  "training_worker_0_memory_MB": 296.22265625,
  "validation_loss": 0.21044416770433325,
  "best_validation_loss": 0.21044416770433325
}