{
  "best_epoch": 1,
  "peak_worker_0_memory_MB": 325.42578125,
  "training_duration": "0:00:42.138592",
  "training_start_epoch": 0,
  "training_epochs": 4,
  "epoch": 4,
  "training_loss": 0.0903157891700258,
  "training_worker_0_memory_MB": 325.42578125,
  "validation_loss": 0.17994212729213876,
  "best_validation_loss": 0.14794710804885136
}