{
  "best_epoch": 1,
  "peak_worker_0_memory_MB": 325.42578125,
  "training_duration": "0:00:16.155841",
  "training_start_epoch": 0,
  "training_epochs": 1,
  "epoch": 1,
  "training_loss": 0.12152169371354762,
  "training_worker_0_memory_MB": 325.42578125,
  "validation_loss": 0.14794710804885136,
  "best_validation_loss": 0.14794710804885136
}