{
    "0": {
        "precision": 0.9826989619377162,
        "recall": 0.993006993006993,
        "f1-score": 0.9878260869565217,
        "support": 572
    },
    "1": {
        "precision": 0.0,
        "recall": 0.0,
        "f1-score": 0.0,
        "support": 10
    },
    "accuracy": 0.9759450171821306,
    "macro avg": {
        "precision": 0.4913494809688581,
        "recall": 0.4965034965034965,
        "f1-score": 0.49391304347826087,
        "support": 582
    },
    "weighted avg": {
        "precision": 0.9658141000487519,
        "recall": 0.9759450171821306,
        "f1-score": 0.970853130135963,
        "support": 582
    }
}